{
  "version" : "5.0",
  "basicinfo" : {
    "creation_time" : "20210607111231",
    "model_file_type" : [ {
      "env_name" : "tremendousICAPS2021",
      "file_type" : "others",
      "name" : "model"
    } ],
    "name" : "ICAPS2021",
    "description" : "",
    "id" : "ICAPS2021",
    "type" : "model",
    "category" : "",
    "version" : "1.0.0",
    "group" : "",
    "tags" : ""
  },
  "runtime" : [ {
    "env" : {
      "env_name" : "tremendousICAPS2021",
      "env_dependencies" : {
        "hardware_dependencies" : [ {
          "min_value" : "1",
          "name" : "CPU",
          "max_value" : "2"
        }, {
          "min_value" : "1GB",
          "name" : "MEM",
          "max_value" : "8GB"
        }, {
          "min_value" : "0",
          "name" : "GPU",
          "max_value" : "0"
        } ],
        "enable_gpu" : false
      },
      "env_version" : "ICAPS"
    },
    "runtime_type" : "retrain",
    "software_dependencies" : [ {
      "installer" : "pip",
      "python_requirements" : "requirements.txt"
    } ]
  }, {
    "env" : {
      "env_name" : "tremendousICAPS2021",
      "env_dependencies" : {
        "hardware_dependencies" : [ {
          "min_value" : "1",
          "name" : "CPU",
          "max_value" : "2"
        }, {
          "min_value" : "1GB",
          "name" : "MEM",
          "max_value" : "8GB"
        }, {
          "min_value" : "0",
          "name" : "GPU",
          "max_value" : "0"
        } ],
        "enable_gpu" : false
      },
      "env_version" : "ICAPS"
    },
    "runtime_type" : "predict",
    "software_dependencies" : [ {
      "installer" : "pip",
      "python_requirements" : "requirements.txt"
    } ]
  } ],
  "methods" : [ {
    "entry" : "main.py",
    "input_params" : [ {
      "name" : "",
      "default_dataset" : "",
      "default_dataset_entity" : "",
      "default_label" : ""
    }, {
      "name" : "",
      "default_value" : ""
    }, {
      "name" : "",
      "default_value" : ""
    }, {
      "name" : "",
      "default_value" : ""
    } ],
    "name" : "main",
    "type" : "retrain",
    "http_method" : "post",
    "http_path" : "/retrain",
    "input_datameta" : {
      "min_size" : "0",
      "datasets" : ""
    },
    "model_file_directory" : "model",
    "invoke_type" : "async"
  }, {
    "entry" : "icaps_predict.py:predict_data",
    "http_method" : "post",
    "name" : "icaps_predict",
    "model_file_directory" : "model",
    "output_params" : [ ],
    "input_datameta" : { },
    "description" : "",
    "http_path" : "/predict",
    "input_params_demo" : "",
    "type" : "predict",
    "invoke_type" : "sync"
  } ],
  "datasets" : [ ],
  "metrics" : [ ],
  "config_meta" : [ ]
}